
-- ---------------------------------------------------------
-- 初始化OpenApi脚本
-- ---------------------------------------------------------
INSERT INTO ff_apaas_ts_open_api_group (iidd, group_name, parent_id, sort_id, class_layer, class_list, update_time, create_person) VALUES ('DD2849C5028B44A7A08E0972A29D552C', '基础应用', '', 0, 1, 'DD2849C5028B44A7A08E0972A29D552C', '2022-05-30 10:46:13', '非凡');
INSERT INTO ff_apaas_ts_open_api_group (iidd, group_name, parent_id, sort_id, class_layer, class_list, update_time, create_person) VALUES ('EA6D284FBAFF430DA9F945ADE74CFA8D', '流程分组', '', 1, 1, 'EA6D284FBAFF430DA9F945ADE74CFA8D', '2022-05-30 10:46:35', '非凡');

INSERT INTO ff_apaas_sys_config (config_id, config_name, config_key, config_value, config_type, create_by, create_time,
                                 update_by, update_time, remark, group_name)
VALUES ('34CF987C3B084EFDAB4BBB81D92C5C46', 'openApi基础资料分组ID', 'open_api_basic_data_group_id',
        'DD2849C5028B44A7A08E0972A29D552C', 'Y', '72306761D85B44C685F0617E74562E0E', sysdate(), NULL, NULL, NULL, 'OPEN-API');
INSERT INTO ff_apaas_sys_config (config_id, config_name, config_key, config_value, config_type, create_by, create_time,
                                 update_by, update_time, remark, group_name)
VALUES ('D1731A916AC24861A219A2D83D38A1E0', 'openApi流程分组ID', 'open_api_flow_group_id',
        'EA6D284FBAFF430DA9F945ADE74CFA8D', 'Y', '72306761D85B44C685F0617E74562E0E', sysdate(), NULL, NULL, NULL, 'OPEN-API');

INSERT INTO `ff_apaas_open_api`(`iidd`, `name`, `group_id`, `group_name`, `url`, `method`, `context_type`, `body`, `response`, `success_examples`, `fail_examples`, `sort_id`, `update_time`, `create_person`) VALUES ('34BE3978AE304A30954D3BB2AF6E628B', '基础资料-修改', 'DD2849C5028B44A7A08E0972A29D552C', '基础应用', 'pub/editBasics', 2, 3, '[{\"id\":\"498C4E30FE1F7303AEA79097D94C318D\",\"name\":\"appid\",\"type\":\"String\",\"explain\":\"应用ID，或({\\\"name\\\":\\\"appid\\\",\\\"value\\\":\\\"appid\\\"})\",\"children\":[],\"required\":\"必填\"},{\"id\":\"15D8447234D67A69BA10EA492864DE40\",\"name\":\"iidd\",\"type\":\"String\",\"explain\":\"基础资料主键ID，或({\\\"name\\\":\\\"iidd\\\",\\\"value\\\":\\\"iidd\\\"})\",\"children\":[],\"required\":\"必填\"},{\"id\":\"68D0ECF17A042063FEB1E3DE4CBD09CF\",\"name\":\"userId\",\"type\":\"String\",\"explain\":\"修改登录账号，或({\\\"name\\\":\\\"userId\\\",\\\"value\\\":\\\"userId\\\"})\",\"children\":[],\"required\":\"必填\"},{\"id\":\"42AA967132D10F792B979A3DA3E8B363\",\"name\":\"data\",\"type\":\"Object\",\"explain\":\"业务数据(JSON字符串)\",\"children\":[],\"required\":\"必填\"}]', '[{\"id\":\"2BA21B95289C82EB111C424ECC48E1EE\",\"name\":\"code\",\"type\":\"Number\",\"explain\":\"响应码\",\"children\":[],\"required\":\"必填\"},{\"id\":\"A25816AE30CD4E65808F57B9AADF9015\",\"name\":\"msg\",\"type\":\"String\",\"explain\":\"响应说明\",\"children\":[],\"required\":\"必填\"},{\"id\":\"371A6CFD26077E9608A95E76F17040F0\",\"name\":\"data\",\"type\":\"Object\",\"explain\":\"响应数据\",\"children\":[],\"required\":\"必填\"}]', '{\r\n  \"code\": 200,\r\n  \"msg\": \"\",\r\n  \"data\": \"\"\r\n}', '{\r\n  \"code\": 200,\r\n  \"msg\": \"\",\r\n  \"data\": \"\"\r\n}', 0, '2022-07-18 17:55:02', '余先生');
INSERT INTO `ff_apaas_open_api`(`iidd`, `name`, `group_id`, `group_name`, `url`, `method`, `context_type`, `body`, `response`, `success_examples`, `fail_examples`, `sort_id`, `update_time`, `create_person`) VALUES ('890BCA77D52B4683BCC027A1F3156D17', '基础资料-列表', 'DD2849C5028B44A7A08E0972A29D552C', '基础应用', 'pub/listBasic', 2, 3, '[{\"id\":\"E123E7E02059603F554732E4216ED0E6\",\"name\":\"appid\",\"explain\":\"应用ID，或({\\\"name\\\":\\\"appid\\\",\\\"value\\\":\\\"appid\\\"})\",\"type\":\"String\",\"required\":\"必填\",\"children\":[]},{\"id\":\"78392042EBA7705EEEEDDB3BC583410F\",\"name\":\"userId\",\"explain\":\"登录账号，或({\\\"name\\\":\\\"userId\\\",\\\"value\\\":\\\"userId\\\"})\",\"type\":\"String\",\"required\":\"必填\",\"children\":[]},{\"id\":\"83D847A6CFEBB934B9C9729D413C3404\",\"name\":\"pageNum\",\"explain\":\"页码，不传查询所有\",\"type\":\"Number\",\"required\":\"必填\",\"children\":[]},{\"id\":\"A3B8F8BA02F6058AAF2E69662C250677\",\"name\":\"pageSize\",\"explain\":\"每页大小，不传查询所有\",\"type\":\"Number\",\"required\":\"必填\",\"children\":[]},{\"id\":\"F0C3A41174FE818C038D1F472D314FD1\",\"name\":\"queryConditions\",\"explain\":\"查询条件,[{\\\"column\\\":\\\"E1CC30923E5040E7EA247A0066B85905\\\",\\\"queryType\\\":\\\"like\\\",\\\"value\\\":[{\\\"name\\\":\\\"应用管理中心\\\",\\\"value\\\":\\\"应用管理中心\\\"}]}]\",\"type\":\"Object\",\"required\":\"必填\",\"children\":[]}]', '[{\"id\":\"C3EE139C30504E4D86D1B5BE8B78CF9A\",\"name\":\"code\",\"explain\":\"响应码\",\"type\":\"String\",\"required\":\"必填\",\"children\":[]},{\"id\":\"291A9D5A536C9B5D9D43230559A7BEE8\",\"name\":\"msg\",\"explain\":\"响应说明\",\"type\":\"String\",\"required\":\"必填\",\"children\":[]},{\"id\":\"EB32E5AFECC0163271C630CFBAC0D882\",\"name\":\"data\",\"explain\":\"响应数据\",\"type\":\"Object\",\"required\":\"必填\",\"children\":[]}]', '{\n	\"total\": 1,\n	\"rows\": [{\n		\"refFormid\": \"D4BE7D56324042EFAE786E380A5BDDF4\",\n		\"updateUserid\": \"04BBE297F27149B08CD3DFE64ADC711A\",\n		\"DE6696C3920427CDEC10FBC76A787E6E\": \"[{\\\"name\\\":\\\"项目信息维护\\\",\\\"value\\\":\\\"项目信息维护\\\"}]\",\n		\"refDeptid\": \"3435840D6BB648228100C54175439012\",\n		\"createDeptname\": \"深圳市非凡信息技术有限公司\",\n		\"createOrgid\": \"3435840D6BB648228100C54175439012\",\n		\"iidd\": \"CACEE62DFDF74B00941BB3D2F02E69DC\",\n		\"createUsername\": \"姜特洋\",\n		\"refProjectid\": \"A03769DA38284D138A1356DC93C2F9C9\",\n		\"refAppid\": \"8F3F2AE6F2D34FBAB14A0BBA3E7C3721\",\n		\"createDeptid\": \"3435840D6BB648228100C54175439012\",\n		\"createUserid\": \"04BBE297F27149B08CD3DFE64ADC711A\",\n		\"updateTime\": \"2023-03-23 14:50:32\",\n		\"createOrgname\": \"深圳市非凡信息技术有限公司\",\n		\"ref_projectid\": \"A03769DA38284D138A1356DC93C2F9C9\",\n		\"deleted\": 0,\n		\"createTime\": \"2023-03-23 14:50:29\",\n		\"updateUsername\": \"姜特洋\",\n		\"contentjson\": \"{\\\"DE6696C3920427CDEC10FBC76A787E6E\\\":[{\\\"name\\\":\\\"项目信息维护\\\",\\\"value\\\":\\\"项目信息维护\\\"}],\\\"ref_projectid\\\":\\\"A03769DA38284D138A1356DC93C2F9C9\\\"}\"\n	}],\n	\"code\": 200\n}', '{\n	\"code\": 401,\n	\"msg\": \"请求访问：/ffapaas/pub/listBasic，认证失败，无法访问系统资源\"\n}', 0, '2023-03-23 15:59:40', '余先生');
INSERT INTO `ff_apaas_open_api`(`iidd`, `name`, `group_id`, `group_name`, `url`, `method`, `context_type`, `body`, `response`, `success_examples`, `fail_examples`, `sort_id`, `update_time`, `create_person`) VALUES ('8AF57982C71F492AA96F25145D2F3547', '基础资料-删除', 'DD2849C5028B44A7A08E0972A29D552C', '基础应用', 'pub/deletedBasic', 2, 3, '[{\"id\":\"3D6F8F00DC0734B5A1E8A7C2819E1BCC\",\"name\":\"appid\",\"type\":\"String\",\"explain\":\"应用编号，或({\\\"name\\\":\\\"appid\\\",\\\"value\\\":\\\"appid\\\"})\",\"children\":[],\"required\":\"必填\"},{\"id\":\"2F605F857A314BDBB6C31CC0A6E558C2\",\"name\":\"userId\",\"type\":\"String\",\"explain\":\"修改登录账号，或({\\\"name\\\":\\\"userId\\\",\\\"value\\\":\\\"userId\\\"})\",\"children\":[],\"required\":\"必填\"},{\"id\":\"B53F27593AF5229A7F717FDF475524BD\",\"name\":\"iidds\",\"type\":\"String\",\"explain\":\"记录ID,多个英文逗号分割，或({\\\"name\\\":\\\"iidds\\\",\\\"value\\\":\\\"iidds\\\"})\",\"children\":[],\"required\":\"必填\"}]', '[{\"id\":\"E87795ECE4AE7860559646CC4FE9E363\",\"name\":\"code\",\"type\":\"Number\",\"explain\":\"响应码\",\"children\":[],\"required\":\"必填\"},{\"id\":\"4C7776B4A2AA28D5D8C7749F13207C4F\",\"name\":\"msg\",\"type\":\"String\",\"explain\":\"响应说明\",\"children\":[],\"required\":\"必填\"},{\"id\":\"D94E71F67F1D992401FA8B8B74844481\",\"name\":\"data\",\"type\":\"Object\",\"explain\":\"响应数据\",\"children\":[],\"required\":\"必填\"}]', '{\r\n  \"code\": 200,\r\n  \"msg\": \"\",\r\n  \"data\": \"\"\r\n}', '{\r\n  \"code\": 500,\r\n  \"msg\": \"\",\r\n  \"data\": \"\"\r\n}', 0, '2022-07-18 17:55:02', '余先生');
INSERT INTO `ff_apaas_open_api`(`iidd`, `name`, `group_id`, `group_name`, `url`, `method`, `context_type`, `body`, `response`, `success_examples`, `fail_examples`, `sort_id`, `update_time`, `create_person`) VALUES ('ABBAE00027DF4970B6340BE4DD0E4930', '基础资料-新增', 'DD2849C5028B44A7A08E0972A29D552C', '基础应用', 'pub/saveBasics', 2, 3, '[{\"id\":\"1C1E5044FD02A93377962F1976FC1F31\",\"name\":\"appid\",\"type\":\"String\",\"explain\":\"应用ID，或({\\\"name\\\":\\\"appid\\\",\\\"value\\\":\\\"appid\\\"})\",\"children\":[],\"required\":\"必填\"},{\"id\":\"2A13307CC5FC138FA55093AC71CAED0F\",\"name\":\"userId\",\"type\":\"String\",\"explain\":\"发起人登录账号，或({\\\"name\\\":\\\"userId\\\",\\\"value\\\":\\\"userId\\\"})\",\"children\":[],\"required\":\"必填\"},{\"id\":\"75CD59012F362D3CF08BE005466454B3\",\"name\":\"data\",\"type\":\"Object\",\"explain\":\"业务数据(JSON字符串)\",\"children\":[],\"required\":\"必填\"}]', '[{\"id\":\"BA74C5D2497F5CA8BF84C247994D214F\",\"name\":\"code\",\"type\":\"Number\",\"explain\":\"响应码\",\"children\":[],\"required\":\"必填\"},{\"id\":\"59E4223E5A3ABB2574DB49C2A20E090B\",\"name\":\"msg\",\"type\":\"String\",\"explain\":\"响应说明\",\"children\":[],\"required\":\"必填\"},{\"id\":\"25C35852E5C0B369F8540B338996D245\",\"name\":\"data\",\"type\":\"Object\",\"explain\":\"响应数据\",\"children\":[],\"required\":\"必填\"}]', '{\r\n  \"code\": 200,\r\n  \"msg\": \"\",\r\n  \"data\": \"\"\r\n}', '{\r\n  \"code\": 500,\r\n  \"msg\": \"\",\r\n  \"data\": \"服务器内部错误\"\r\n}', 0, '2022-07-18 17:55:02', '余先生');
INSERT INTO `ff_apaas_open_api`(`iidd`, `name`, `group_id`, `group_name`, `url`, `method`, `context_type`, `body`, `response`, `success_examples`, `fail_examples`, `sort_id`, `update_time`, `create_person`) VALUES ('AFF83C3AFACA42779225BBE6C75070B7', '基础资料-详情', 'DD2849C5028B44A7A08E0972A29D552C', '基础应用', 'pub/detailBasic', 2, 3, '[{\"id\":\"A0C83DD4E7CCE22FA497AEDFD5B9F5F6\",\"name\":\"appid\",\"type\":\"String\",\"explain\":\"应用ID，或({\\\"name\\\":\\\"appid\\\",\\\"value\\\":\\\"appid\\\"})\",\"children\":[],\"required\":\"必填\"},{\"id\":\"4ADB7C0E119DCA11B9C2542F0AABD7B7\",\"name\":\"iidds\",\"type\":\"String\",\"explain\":\"主键ID，或({\\\"name\\\":\\\"iidds\\\",\\\"value\\\":\\\"iidds\\\"})\",\"children\":[],\"required\":\"必填\"}]', '[{\"id\":\"B6160C6D2B1014ACF90EE91C9331A188\",\"name\":\"code\",\"type\":\"Number\",\"explain\":\"响应码\",\"children\":[],\"required\":\"必填\"},{\"id\":\"7D7BEA3ECAE5ADD4EE2F859192D64B4C\",\"name\":\"msg\",\"type\":\"String\",\"explain\":\"响应说明\",\"children\":[],\"required\":\"必填\"},{\"id\":\"48E650C8D4B0CF1E00EBD4B76DAFA702\",\"name\":\"data\",\"type\":\"Object\",\"explain\":\"响应数据\",\"children\":[],\"required\":\"必填\"}]', '{\r\n  \"code\": 200,\r\n  \"msg\": \"\",\r\n  \"data\": \"\"\r\n}', '{\r\n  \"code\": 200,\r\n  \"msg\": \"\",\r\n  \"data\": \"\"\r\n}', 0, '2022-07-18 17:55:02', '余先生');
INSERT INTO `ff_apaas_open_api`(`iidd`, `name`, `group_id`, `group_name`, `url`, `method`, `context_type`, `body`, `response`, `success_examples`, `fail_examples`, `sort_id`, `update_time`, `create_person`) VALUES ('1BE64A11E01345F4B1AE033FCD576CC7', '流程应用-删除', 'EA6D284FBAFF430DA9F945ADE74CFA8D', '流程分组', 'pub/deletedProc', 2, 3, '[{\"id\":\"D3A0CA120E000B8E890B51B695EE0149\",\"name\":\"userId\",\"type\":\"String\",\"explain\":\"操作人登录账号，或({\\\"name\\\":\\\"userId\\\",\\\"value\\\":\\\"userId\\\"})\",\"children\":[],\"required\":\"必填\"},{\"id\":\"9E27E73A1CD4580D601E41CFA0B86638\",\"name\":\"flowIds\",\"type\":\"String\",\"explain\":\"流程ID，多个英文逗号分割，或({\\\"name\\\":\\\"flowIds\\\",\\\"value\\\":\\\"flowIds\\\"})\",\"children\":[],\"required\":\"必填\"},{\"id\":\"461894D1C33469764685B7A1762FFCF9\",\"name\":\"delRelease\",\"type\":\"String\",\"explain\":\"删除原因，或({\\\"name\\\":\\\"delRelease\\\",\\\"value\\\":\\\"delRelease\\\"})\",\"children\":[],\"required\":\"非必填\"}]', '[{\"id\":\"D04B60D26F78601736A701BD768BDA5F\",\"name\":\"code\",\"type\":\"Number\",\"explain\":\"响应码\",\"children\":[],\"required\":\"必填\"},{\"id\":\"FA4AA1162D90B0B8323107540C48E945\",\"name\":\"msg\",\"type\":\"String\",\"explain\":\"响应说明\",\"children\":[],\"required\":\"必填\"},{\"id\":\"493DE16DB3976DD6D189A65FCD4596EC\",\"name\":\"data\",\"type\":\"Object\",\"explain\":\"响应数据\",\"children\":[],\"required\":\"必填\"}]', '{\r\n  \"code\": 200,\r\n  \"msg\": \"\",\r\n  \"data\": \"\"\r\n}', '{\r\n  \"code\": 200,\r\n  \"msg\": \"\",\r\n  \"data\": \"\"\r\n}', 0, '2022-07-18 17:55:02', '余先生');
INSERT INTO `ff_apaas_open_api`(`iidd`, `name`, `group_id`, `group_name`, `url`, `method`, `context_type`, `body`, `response`, `success_examples`, `fail_examples`, `sort_id`, `update_time`, `create_person`) VALUES ('5479888D89D145EC8032BC7E5049D6C0', '流程应用-详情', 'EA6D284FBAFF430DA9F945ADE74CFA8D', '流程分组', 'pub/detailProc', 2, 3, '[{\"id\":\"DF974A6F91F8CDE4CC1CF90CE85AEC30\",\"name\":\"flowIds\",\"type\":\"String\",\"explain\":\"流程ID，多个逗号分割，或({\\\"name\\\":\\\"flowIds\\\",\\\"value\\\":\\\"flowIds\\\"})\",\"children\":[],\"required\":\"必填\"}]', '[{\"id\":\"2BCB6561DBFAB30C069665C960B263C4\",\"name\":\"code\",\"type\":\"Number\",\"explain\":\"响应码\",\"children\":[],\"required\":\"必填\"},{\"id\":\"EDF987CEE4F065BE0B8422FB57BE17DE\",\"name\":\"msg\",\"type\":\"String\",\"explain\":\"响应说明\",\"children\":[],\"required\":\"必填\"},{\"id\":\"CDAE2299DC50EF26DB39D64AF1FB44FB\",\"name\":\"data\",\"type\":\"Object\",\"explain\":\"响应数据\",\"children\":[],\"required\":\"必填\"}]', '{\r\n  \"code\": 200,\r\n  \"msg\": \"\",\r\n  \"data\": \"\"\r\n}', '{\r\n  \"code\": 200,\r\n  \"msg\": \"\",\r\n  \"data\": \"\"\r\n}', 0, '2022-07-18 17:55:02', '余先生');
INSERT INTO `ff_apaas_open_api`(`iidd`, `name`, `group_id`, `group_name`, `url`, `method`, `context_type`, `body`, `response`, `success_examples`, `fail_examples`, `sort_id`, `update_time`, `create_person`) VALUES ('6680F4C6BEEF4CDCB6E487C67B3F5D5D', '流程应用-审批', 'EA6D284FBAFF430DA9F945ADE74CFA8D', '流程分组', 'pub/completeProc', 2, 3, '[{\"id\":\"F29A0FB2AAC8546A48277E194FA4BD9D\",\"name\":\"flowId\",\"type\":\"String\",\"explain\":\"流程ID，或({\\\"name\\\":\\\"flowid\\\",\\\"value\\\":\\\"flowid\\\"})\",\"children\":[],\"required\":\"必填\"},{\"id\":\"8DDDA9DE79A095046B35787E59EA15B4\",\"name\":\"userId\",\"type\":\"String\",\"explain\":\"审批人登录账号，或({\\\"name\\\":\\\"userId\\\",\\\"value\\\":\\\"userId\\\"})\",\"children\":[],\"required\":\"必填\"},{\"id\":\"23A3FE631531870FFFE754E005356F93\",\"name\":\"data\",\"type\":\"Object\",\"explain\":\"业务数据(JOSN字符串)\",\"children\":[],\"required\":\"必填\"},{\"id\":\"5D11413E623C2D76F7960FF0B2988F48\",\"name\":\"fileBase64\",\"type\":\"Object\",\"explain\":\"[{\\\"name\\\":\\\"流川枫.jpg\\\",\\\"value\\\":\\\"base64编码\\\"},{\\\"name\\\":\\\"img103.png\\\",\\\"value\\\":\\\"base64编码\\\"}]\",\"children\":[],\"required\":\"非必填\"}]', '[{\"id\":\"33D9314D38D14701E658AAFE90898FBE\",\"name\":\"code\",\"type\":\"Number\",\"explain\":\"响应码\",\"children\":[],\"required\":\"必填\"},{\"id\":\"F0D4C304BC723D8B8E4A1BF7576964FF\",\"name\":\"msg\",\"type\":\"String\",\"explain\":\"响应说明\",\"children\":[],\"required\":\"必填\"},{\"id\":\"43B250187324C04CA5ACE699A7F51B15\",\"name\":\"data\",\"type\":\"Object\",\"explain\":\"响应数据\",\"children\":[],\"required\":\"必填\"}]', '{\r\n  \"code\": 200,\r\n  \"msg\": \"\",\r\n  \"data\": \"\"\r\n}', '{\r\n  \"code\": 200,\r\n  \"msg\": \"\",\r\n  \"data\": \"\"\r\n}', 0, '2022-07-18 17:55:02', '余先生');
INSERT INTO `ff_apaas_open_api`(`iidd`, `name`, `group_id`, `group_name`, `url`, `method`, `context_type`, `body`, `response`, `success_examples`, `fail_examples`, `sort_id`, `update_time`, `create_person`) VALUES ('976AE1F624594FC494FFFA4AFB40B8CA', '流程应用-发起', 'EA6D284FBAFF430DA9F945ADE74CFA8D', '流程分组', 'pub/startProc', 2, 3, '[{\"id\":\"E959CA7D27B3CB7179AB776D74995465\",\"name\":\"flowModelId\",\"type\":\"String\",\"explain\":\"流程模型，ID或({\\\"name\\\":\\\"flowModelId\\\",\\\"value\\\":\\\"flowModelId\\\"})\",\"children\":[],\"required\":\"必填\"},{\"id\":\"E2C6C141C4ABBA3ECDFFDC09A35E601D\",\"name\":\"userId\",\"type\":\"String\",\"explain\":\"发起人登录账号，或({\\\"name\\\":\\\"userId\\\",\\\"value\\\":\\\"userId\\\"})\",\"children\":[],\"required\":\"必填\"},{\"id\":\"CBCFA83F8EC0FA7381212A698359FA13\",\"name\":\"data\",\"type\":\"Object\",\"explain\":\"业务参数(JSON字符串)\",\"children\":[],\"required\":\"必填\"},{\"id\":\"E050333F4077078485AA5CBB79DB8D4C\",\"name\":\"fileBase64\",\"type\":\"Object\",\"explain\":\"[{\\\"name\\\":\\\"流川枫.jpg\\\",\\\"value\\\":\\\"base64编码\\\"},{\\\"name\\\":\\\"img103.png\\\",\\\"value\\\":\\\"base64编码\\\"}]\",\"children\":[],\"required\":\"非必填\"}]', '[{\"id\":\"4283D53E8D44C05EF5C21CB6BC2C317B\",\"name\":\"code\",\"type\":\"Number\",\"explain\":\"响应码\",\"children\":[],\"required\":\"必填\"},{\"id\":\"BB3DCDDF45C93B5A84FF4BE121FFFEAF\",\"name\":\"msg\",\"type\":\"String\",\"explain\":\"响应消息\",\"children\":[],\"required\":\"必填\"},{\"id\":\"525BFE5947F771A4F0893B190E8E1309\",\"name\":\"data\",\"type\":\"Object\",\"explain\":\"响应数据\",\"children\":[],\"required\":\"必填\"}]', '{\r\n    \"code\": 200,\r\n    \"msg\": \"操作成功\",\r\n    \"data\": {\r\n        \"flowNo\": \"WTGDXXB2022060028\",\r\n        \"flowId\": \"9688A3C1B5A9442E9531863D2D84F590\"\r\n    }\r\n}', '{\r\n  \"code\": 200,\r\n  \"msg\": \"\",\r\n  \"data\": \"\"\r\n}', 0, '2022-07-18 17:55:02', '余先生');
INSERT INTO `ff_apaas_open_api`(`iidd`, `name`, `group_id`, `group_name`, `url`, `method`, `context_type`, `body`, `response`, `success_examples`, `fail_examples`, `sort_id`, `update_time`, `create_person`) VALUES ('D69681B88427464BA48057D391E76EA1', '流程应用-修改', 'EA6D284FBAFF430DA9F945ADE74CFA8D', '流程分组', 'pub/modifyingFormData', 2, 3, '[{\"id\":\"ED1C81684FB0A912A0BC858D23C35FE8\",\"name\":\"appid\",\"explain\":\"应用ID，或({\\\"name\\\":\\\"appid\\\",\\\"value\\\":\\\"appid\\\"})\",\"type\":\"String\",\"required\":\"必填\",\"children\":[]},{\"id\":\"3B028E67E3C701AD2CA493376E93BCA1\",\"name\":\"userId\",\"explain\":\"登录账号，或({\\\"name\\\":\\\"userId\\\",\\\"value\\\":\\\"userId\\\"})\",\"type\":\"String\",\"required\":\"必填\",\"children\":[]},{\"id\":\"4B4EB514A4CDBDC95F434429A10F509F\",\"name\":\"id\",\"explain\":\"修改记录流程id(flowid)，或({\\\"name\\\":\\\"id\\\",\\\"value\\\":\\\"id\\\"})\",\"type\":\"String\",\"required\":\"必填\",\"children\":[]},{\"id\":\"37ABF573171C061C582EFB0115DB1A18\",\"name\":\"body\",\"explain\":\"[{\\\"fieldname\\\":\\\"6227F42445151407A63AD817D08A6BC3\\\",\\\"updateEnd\\\":[{\\\"name\\\":\\\"1133xx\\\",\\\"value\\\":\\\"1133xx\\\"}]}]\",\"type\":\"Object\",\"required\":\"必填\",\"children\":[]}]', '[{\"id\":\"77FBA64AD2D0CE64C2111F7698E5E7B8\",\"name\":\"code\",\"explain\":\"响应码\",\"type\":\"String\",\"required\":\"必填\",\"children\":[]},{\"id\":\"A79ACB7759C5586052DEB7A08F7536E8\",\"name\":\"msg\",\"explain\":\"响应说明\",\"type\":\"String\",\"required\":\"必填\",\"children\":[]},{\"id\":\"86101A799A0620E7D773280100A3032C\",\"name\":\"data\",\"explain\":\"响应数据\",\"type\":\"Object\",\"required\":\"必填\",\"children\":[]}]', '{\n  \"code\": 200,\n  \"msg\": \"\",\n  \"data\": \"\"\n}', '{\n  \"code\": 401,\n  \"msg\": \"请求访问：/ffapaas/pub/listBasic，认证失败，无法访问系统资源\"\n}', 0, '2023-03-23 18:09:37', '余先生');
INSERT INTO `ff_apaas_open_api`(`iidd`, `name`, `group_id`, `group_name`, `url`, `method`, `context_type`, `body`, `response`, `success_examples`, `fail_examples`, `sort_id`, `update_time`, `create_person`) VALUES ('FC6B4D9A7669472AA6BA15B702328C1D', '流程应用-列表', 'EA6D284FBAFF430DA9F945ADE74CFA8D', '流程分组', 'pub/listBasic', 2, 3, '[{\"id\":\"3E82F2284D81877C072BD6F349511D12\",\"name\":\"appid\",\"explain\":\"应用ID，或({\\\"name\\\":\\\"appid\\\",\\\"value\\\":\\\"appid\\\"})\",\"type\":\"String\",\"required\":\"必填\",\"children\":[]},{\"id\":\"5FAC062D9FAAA635D710C7E31FB5B858\",\"name\":\"userId\",\"explain\":\"登录账号，或({\\\"name\\\":\\\"userId\\\",\\\"value\\\":\\\"userId\\\"})\",\"type\":\"String\",\"required\":\"必填\",\"children\":[]},{\"id\":\"E6C02CE1F51C5E9D73CE60C11B3DC9D7\",\"name\":\"pageNum\",\"explain\":\"页码，不传查询所有\",\"type\":\"Number\",\"required\":\"必填\",\"children\":[]},{\"id\":\"DDED86B09ADB9661BF9CC8F67854E7EC\",\"name\":\"pageSize\",\"explain\":\"每页大小，不传查询所有\",\"type\":\"Number\",\"required\":\"必填\",\"children\":[]},{\"id\":\"B4F4D186C7E73720E65341E1AFDA20C6\",\"name\":\"queryConditions\",\"explain\":\"查询条件,[{\\\"column\\\":\\\"E1CC30923E5040E7EA247A0066B85905\\\",\\\"queryType\\\":\\\"like\\\",\\\"value\\\":[{\\\"name\\\":\\\"应用管理中心\\\",\\\"value\\\":\\\"应用管理中心\\\"}]}]\",\"type\":\"Object\",\"required\":\"必填\",\"children\":[]}]', '[{\"id\":\"9C3BABD0AB6F5F583A888CC0093A0FF8\",\"name\":\"code\",\"explain\":\"响应码\",\"type\":\"String\",\"required\":\"必填\",\"children\":[]},{\"id\":\"C281663A7A8EDCF7BD7B9C4F471D1433\",\"name\":\"msg\",\"explain\":\"响应说明\",\"type\":\"String\",\"required\":\"必填\",\"children\":[]},{\"id\":\"79E11342F86A0E0211CD4E7D2C3E365B\",\"name\":\"data\",\"explain\":\"响应数据\",\"type\":\"Object\",\"required\":\"必填\",\"children\":[]}]', '{\n  \"total\": 1,\n  \"rows\": [\n    {\n      \"refFormid\": \"D4BE7D56324042EFAE786E380A5BDDF4\",\n      \"updateUserid\": \"04BBE297F27149B08CD3DFE64ADC711A\",\n      \"DE6696C3920427CDEC10FBC76A787E6E\": \"[{\\\"name\\\":\\\"项目信息维护\\\",\\\"value\\\":\\\"项目信息维护\\\"}]\",\n      \"refDeptid\": \"3435840D6BB648228100C54175439012\",\n      \"createDeptname\": \"深圳市非凡信息技术有限公司\",\n      \"createOrgid\": \"3435840D6BB648228100C54175439012\",\n      \"iidd\": \"CACEE62DFDF74B00941BB3D2F02E69DC\",\n      \"createUsername\": \"姜特洋\",\n      \"refProjectid\": \"A03769DA38284D138A1356DC93C2F9C9\",\n      \"refAppid\": \"8F3F2AE6F2D34FBAB14A0BBA3E7C3721\",\n      \"createDeptid\": \"3435840D6BB648228100C54175439012\",\n      \"createUserid\": \"04BBE297F27149B08CD3DFE64ADC711A\",\n      \"updateTime\": \"2023-03-23 14:50:32\",\n      \"createOrgname\": \"深圳市非凡信息技术有限公司\",\n      \"ref_projectid\": \"A03769DA38284D138A1356DC93C2F9C9\",\n      \"deleted\": 0,\n      \"createTime\": \"2023-03-23 14:50:29\",\n      \"updateUsername\": \"姜特洋\",\n      \"contentjson\": \"{\\\"DE6696C3920427CDEC10FBC76A787E6E\\\":[{\\\"name\\\":\\\"项目信息维护\\\",\\\"value\\\":\\\"项目信息维护\\\"}],\\\"ref_projectid\\\":\\\"A03769DA38284D138A1356DC93C2F9C9\\\"}\"\n    }\n  ],\n  \"code\": 200\n}', '\n{\n  \"code\": 401,\n  \"msg\": \"请求访问：/ffapaas/pub/listBasic，认证失败，无法访问系统资源\"\n}', 0, '2023-03-23 16:11:25', '余先生');

-- 接口帮助中心，统一接口名称
UPDATE ff_apaas_open_api a set a.`name` = REPLACE(a.`name`, '基础资料-', '数据');
UPDATE ff_apaas_open_api a set a.`name` = REPLACE(a.`name`, '流程应用-', '数据');
UPDATE ff_apaas_open_api a set a.`name` = '数据新增' where a.`name` = '数据发起';
UPDATE ff_apaas_open_api a set a.`name` = '流程审批' where a.`name` = '数据审批';

-- ---------------------------------------------------------
-- 初始化应用默认操作项
-- ---------------------------------------------------------

insert into ff_apaas_es_app_actiontype_default values('A3FADADD52F54C899BFE08395788C30A',0,'查看','View',0);
insert into ff_apaas_es_app_actiontype_default values('D4D99B43E7DA4D98BBF1D1F6DD9B638D',0,'添加','Add',1);
insert into ff_apaas_es_app_actiontype_default values('9BA36B78FB604A89AB55230311E547EE',0,'修改','Edit',2);
insert into ff_apaas_es_app_actiontype_default values('C21909DAC994401F8E91CE5B2D07C1DC',0,'删除','Delete',3);
insert into ff_apaas_es_app_actiontype_default values('50E42D343F71463DBC8439E48A16CA56',0,'导出','ExlOut',4);
insert into ff_apaas_es_app_actiontype_default values('BDFAF31031CC11EE81AA000C2948FADF',0,'导入','Import',5);
insert into ff_apaas_es_app_actiontype_default values('BDFAF31031CC11EE81AA000C294PRINT',0,'打印','Print',6);

insert into ff_apaas_es_app_actiontype_default values('B0F416664AF34A17AAFF22D5A4C4C9BB',1,'查看','View',0);
insert into ff_apaas_es_app_actiontype_default values('5562E6BB476D45DA8D43C0675C12C01A',1,'添加','Add',1);
insert into ff_apaas_es_app_actiontype_default values('A2C88FA1E01C4F9B8C1D90506C525260',1,'修改','Edit',2);
insert into ff_apaas_es_app_actiontype_default values('7521CC9C15F54CC88188BF908436E718',1,'删除','Delete',3);
insert into ff_apaas_es_app_actiontype_default values('8E2A69E7CA9047949B2A7046B7A09D14',1,'导出','ExlOut',4);
insert into ff_apaas_es_app_actiontype_default values('C599854F31CC11EE81AA000C2948FADF',1,'导入','Import',5);
insert into ff_apaas_es_app_actiontype_default values('C599854F31CC11EE81AA000C294PRINT',1,'打印','Print',6);
insert into ff_apaas_es_app_actiontype_default values('FA4D1DD0A91311EEB8E4000C29CB1D9E',1,'应用概览','AppOverview',7);

-- ---------------------------------------------------------
-- 初始化文档管理
-- ---------------------------------------------------------
INSERT INTO ff_apaas_t_business_right_item (iidd, business_code, right_type_code, right_item_code, right_item_name, sordid, update_time, update_userid) VALUES ('C9F7DB76D08B410EB96CEAE93FEF7001', 'doc_t_catalog_info', 0, 'NewFolder', '新建子目录', 1, '2021-11-12 11:39:29', 'F1C8933146E746BDBC3C0BF4E4CBDE6C');
INSERT INTO ff_apaas_t_business_right_item (iidd, business_code, right_type_code, right_item_code, right_item_name, sordid, update_time, update_userid) VALUES ('C9F7DB76D08B410EB96CEAE93FEF7002', 'doc_t_catalog_info', 0, 'DeleteFolder', '删除子目录', 2, '2021-11-12 11:39:29', 'F1C8933146E746BDBC3C0BF4E4CBDE6C');
INSERT INTO ff_apaas_t_business_right_item (iidd, business_code, right_type_code, right_item_code, right_item_name, sordid, update_time, update_userid) VALUES ('C9F7DB76D08B410EB96CEAE93FEF7003', 'doc_t_catalog_info', 0, 'Upload', '上传文件', 3, '2021-11-12 11:39:29', 'F1C8933146E746BDBC3C0BF4E4CBDE6C');
INSERT INTO ff_apaas_t_business_right_item (iidd, business_code, right_type_code, right_item_code, right_item_name, sordid, update_time, update_userid) VALUES ('C9F7DB76D08B410EB96CEAE93FEF7004', 'doc_t_catalog_info', 0, 'DeleteFile', '删除文件', 4, '2021-11-12 11:39:29', 'F1C8933146E746BDBC3C0BF4E4CBDE6C');
INSERT INTO ff_apaas_t_business_right_item (iidd, business_code, right_type_code, right_item_code, right_item_name, sordid, update_time, update_userid) VALUES ('C9F7DB76D08B410EB96CEAE93FEF7005', 'doc_t_catalog_info', 0, 'ManagerWhitelist', '管理白名单', 5, '2021-11-12 11:39:29', 'F1C8933146E746BDBC3C0BF4E4CBDE6C');
INSERT INTO ff_apaas_t_business_right_item (iidd, business_code, right_type_code, right_item_code, right_item_name, sordid, update_time, update_userid) VALUES ('E9F7DB76D08B410EB96CEAE93FEF7001', 'doc_t_catalog_info', 1, 'View', '查看', 1, '2021-11-12 11:39:29', 'F1C8933146E746BDBC3C0BF4E4CBDE6C');
INSERT INTO ff_apaas_t_business_right_item (iidd, business_code, right_type_code, right_item_code, right_item_name, sordid, update_time, update_userid) VALUES ('E9F7DB76D08B410EB96CEAE93FEF7003', 'doc_t_catalog_info', 1, 'Download', '下载', 2, '2021-11-12 11:39:29', 'F1C8933146E746BDBC3C0BF4E4CBDE6C');

-- ---------------------------------------------------------
-- 初始化环节通知定时任务
-- ---------------------------------------------------------
INSERT INTO ff_apaas_sys_job (job_id, job_name, job_group, invoke_target, cron_expression, misfire_policy,
                                     concurrent, status, create_by, create_time, update_by, update_time, remark,
                                     ref_deptid)
VALUES ('610295454243434099', '全流程超时检查', 'DEFAULT', 'ffTask.completeFlowNotice()',
        '0 0/5 * * * ? *', 3, 1, 0, '张三', sysdate(), NULL, null, NULL,NULL);


INSERT INTO ff_apaas_sys_job (job_id, job_name, job_group, invoke_target, cron_expression, misfire_policy,
                              concurrent, status, create_by, create_time, update_by, update_time, remark,
                              ref_deptid)
VALUES ('620295454243434100', '流程环节超时检查', 'DEFAULT', 'ffTask.singleNodeFlowNotice()',
        '0 0/5 * * * ? *', 3, 1, 0, '张三', sysdate(), NULL, null, NULL,NULL);

INSERT INTO FF_APAAS_T_TIME_PROCESS (IIDD, TASK_TYPE, TASK_NAME, EXECUTE_TYPE, TARGET_FLOW_MODEL_ID, APPID, INVOKE_TARGET, ALLOTTYPE, ALLOTOBJECTID, DATA_TEMPLATE_CONFIG, REMARK, CREATE_ID, CREATE_NAME, CREATE_TIME, REF_DEPT_ID, JOB_ID, REF_PROJECTID, TYPES) VALUES ('186250F610154B8CA2C66F1E8ACCE2AA', 1, '全流程通知定时任务', '2', null, null, 'ffTask.completeFlowNotice()', null, null, null, null, 'F1DD5C21715A4DA7B873AD98BC5D1494', 'admin', '2021-11-18 09:20:15', null, '610295454243434099', null, 0);
INSERT INTO FF_APAAS_T_TIME_PROCESS (IIDD, TASK_TYPE, TASK_NAME, EXECUTE_TYPE, TARGET_FLOW_MODEL_ID, APPID, INVOKE_TARGET, ALLOTTYPE, ALLOTOBJECTID, DATA_TEMPLATE_CONFIG, REMARK, CREATE_ID, CREATE_NAME, CREATE_TIME, REF_DEPT_ID, JOB_ID, REF_PROJECTID, TYPES) VALUES ('286250F610154B8CA2C66F1E8ACCE2BB', 1, '单节点流程通知', '2', null, null, 'ffTask.singleNodeFlowNotice()', null, null, null, null, 'F1DD5C21715A4DA7B873AD98BC5D1494', 'admin', '2021-11-18 09:20:16', null, '620295454243434100', null, 0);
INSERT INTO FF_APAAS_T_LOCAL_METHOD (IIDD, CHINESE_NAME, METHOD_NAME, SORT, CREATE_TIME, REF_DEPT_ID, REF_PROJECTID, TYPES) VALUES ('10CB7C37D1AD8DAB20913FFCE60F3D11', '全流程超时检查', 'ffTask.completeFlowNotice()', -2, '2021-11-18 09:20:15', null, null, 0);
INSERT INTO FF_APAAS_T_LOCAL_METHOD (IIDD, CHINESE_NAME, METHOD_NAME, SORT, CREATE_TIME, REF_DEPT_ID, REF_PROJECTID, TYPES) VALUES ('20CB7C37D1AD8DAB20913FFCE60F3D22', '流程环节超时检查', 'ffTask.singleNodeFlowNotice()', -1, '2021-11-18 09:20:15', null, null, 0);

-- ---------------------------------------------------------
-- 初始化系统配置参数
-- ---------------------------------------------------------
INSERT INTO ff_apaas_sys_config (config_id, config_name, config_key, config_value, config_type, create_by, create_time,
                                 update_by, update_time, remark, group_name,types)
VALUES ('FC67C33AEB8C4CBAB81AC39CC471EB03', '默认主题', 'DefaultSubject', '无主题','Y', null, sysdate(), NULL, NULL, NULL, '系统',0);

INSERT INTO ff_apaas_sys_config (config_id, config_name, config_key, config_value, config_type, create_by, create_time, update_by, update_time, remark, group_name, ref_dept_id, ref_projectid, types) VALUES ('XNXN2FDA175845E392977EE55EB6BB99', '自定义应用数据列表导入通知方式', 'importerNoticeMethod', '1', 'Y', null, sysdate(), null, sysdate(), '自定义应用数据导入完成通知方式如下:
0(腾讯云短信)
1(邮件)
2(微信企业号)
3(阿里云短信)
4(钉钉)
5(飞书)
6(微信公众号)
7(微信小程序)
8(敏行)
9(ESB短信)', '系统', null, null, 0);

INSERT INTO ff_apaas_sys_config (config_id, config_name, config_key, config_value, config_type, create_by, create_time,
                                 update_by, update_time, remark, group_name,types)
VALUES ('96C9CE3E457011EE81AA000C2948FADF', 'PC端域名', 'PCUrl', 'http://192.168.0.86','Y', null, sysdate(), NULL, NULL, NULL, '系统',0);

INSERT INTO ff_apaas_sys_config (config_id, config_name, config_key, config_value, config_type, create_by, create_time,
                                 update_by, update_time, remark, group_name,types)
VALUES ('019D2D96F06641C9BB990F5982F04176', '移动端域名', 'MobileUrl', 'http://192.168.0.86','Y', null, sysdate(), NULL, NULL, NULL, '系统',0);

INSERT INTO ff_apaas_sys_config (config_id, config_name, config_key, config_value, config_type, create_by, create_time,
                                 update_by, update_time, remark, group_name, ref_dept_id, ref_projectid, types)
VALUES ('AABB2FDA175845E392977EE55EB6CC88', '终端登录', 'soloLogin', 'true', 'Y', null, '2022-08-17 16:03:34', null, null,
        '是否允许账户多终端同时登录（true允许 false不允许）', '系统', null, null, 0);

INSERT INTO ff_apaas_sys_config (config_id, config_name, config_key, config_value, config_type, create_by, create_time,
                                 update_by, update_time, remark, group_name,types)
VALUES ('019D2D96F06641C9BB990F5982F04177', '数据列表默认分页数', 'defaultPageSize', '15','Y', null, sysdate(), NULL, NULL, '设置系统所有数据列表的默认分页数', '系统',0);

INSERT INTO ff_apaas_sys_config (config_id, config_name, config_key, config_value, config_type, create_by, create_time,
                                 update_by, update_time, remark, group_name,types)
VALUES ('019D2D96F06641C9BB990F5982F04178', '默认展开处理过程页签', 'defaultShowFlowProcess', '是','Y', null, sysdate(), NULL, NULL, '控制流程详情页面默认是否展开处理过程页签', '系统',0);

INSERT INTO ff_apaas_sys_config (config_id, config_name, config_key, config_value, config_type, create_by, create_time, update_by, update_time, remark, group_name, ref_dept_id, ref_projectid, types)
VALUES ('5B3D2FDA175845E392977EE55EB6A653', '附件类型', 'allowed_extension', 'bmp,gif,jpg,jpeg,png,doc,docx,xls,xlsx,ppt,pptx,html,htm,txt,rar,zip,gz,bz2,pdf,ico', 'Y', null, sysdate(), null, null, '允许上传的附件类型(英文逗号分割)', '系统附件', null, null, 0);

INSERT INTO ff_apaas_sys_config (config_id, config_name, config_key, config_value, config_type, create_by, create_time,
                                 update_by, update_time, remark, group_name,types)
VALUES ('2BE8EE39F7A511EE8A0F000C29CB1D9E', '百度地图应用Key', 'map_baidu_key', '','Y', null, sysdate(), NULL, NULL, NULL, '系统',0);
INSERT INTO ff_apaas_sys_config (config_id, config_name, config_key, config_value, config_type, create_by, create_time,
                                 update_by, update_time, remark, group_name,types)
VALUES ('7BC9585AF7A511EE8A0F000C29CB1D9E', '腾讯地图应用Key', 'map_tx_key', '','Y', null, sysdate(), NULL, NULL, NULL, '系统',0);
INSERT INTO ff_apaas_sys_config (config_id, config_name, config_key, config_value, config_type, create_by, create_time,
                                 update_by, update_time, remark, group_name,types)
VALUES ('7F6B52C8F7A511EE8A0F000C29CB1D9E', '高德地图应用Key', 'map_gaode_key', '','Y', null, sysdate(), NULL, NULL, NULL, '系统',0);
INSERT INTO ff_apaas_sys_config (config_id, config_name, config_key, config_value, config_type, create_by,
                                         create_time, update_by, update_time, remark, group_name, ref_dept_id,
                                         ref_projectid, types)
VALUES ('0B31B924FD514DF9BAC698B4B086715B', '同步下载限制', 'syncDownloadLimit',
        '500', 'Y', '72306761D85B44C685F0617E74562E0E', '2023-08-02 12:22:14', null, null,
        '同步下载限制,未配置则默认小于等于500条', '系统', null, null, 0);
INSERT INTO ff_apaas_sys_config (config_id, config_name, config_key, config_value, config_type, create_by,
                                         create_time, update_by, update_time, remark, group_name, ref_dept_id,
                                         ref_projectid, types)
VALUES ('9DFDD8B8B2AC11EFBC33000C29CB1D9E', '开启登录验证码', 'open_verify_code',
        'true', 'Y', null, sysdate(), NULL, NULL, NULL, '系统',null, null,0);

INSERT INTO ff_apaas_sys_config (config_id, config_name, config_key, config_value, config_type, create_by, create_time,
                                 update_by, update_time, remark, group_name,types)
VALUES ('019D2D96F06641C9BB990F5982F02025', '默认显示创建应用按钮', 'default_show_create_app_button', '是','Y', null, sysdate(), NULL, NULL, '默认显示创建应用按钮', '系统',0);

CREATE INDEX receiverid_deptid_projectid_isread_noticetype_one_noticetype_two ON ff_apaas_es_site_news (receiverid, ref_deptid, projectid, isread, noticetype_one, noticetype_two);
-- ---------------------------------------------------------
-- 初始化通知方式
-- ---------------------------------------------------------
INSERT INTO ff_apaas_t_notice_method(`method_id`, `method_name`, `is_show`) VALUES (0, '短信(腾讯)', 1);
INSERT INTO ff_apaas_t_notice_method(`method_id`, `method_name`, `is_show`) VALUES (1, '邮件', 1);
INSERT INTO ff_apaas_t_notice_method(`method_id`, `method_name`, `is_show`) VALUES (2, '微信企业号', 1);
INSERT INTO ff_apaas_t_notice_method(`method_id`, `method_name`, `is_show`) VALUES (3, '短信(阿里云)', 1);
INSERT INTO ff_apaas_t_notice_method(`method_id`, `method_name`, `is_show`) VALUES (4, '钉钉', 1);
INSERT INTO ff_apaas_t_notice_method(`method_id`, `method_name`, `is_show`) VALUES (5, '飞书', 1);
INSERT INTO ff_apaas_t_notice_method(`method_id`, `method_name`, `is_show`) VALUES (6, '公众号', 1);
INSERT INTO ff_apaas_t_notice_method(`method_id`, `method_name`, `is_show`) VALUES (7, '小程序', 1);
INSERT INTO ff_apaas_t_notice_method(`method_id`, `method_name`, `is_show`) VALUES (8, '敏行', 1);
INSERT INTO ff_apaas_t_notice_method(`method_id`, `method_name`, `is_show`) VALUES (9, '短信(ESB)', 1);
INSERT INTO ff_apaas_t_notice_method(`method_id`, `method_name`, `is_show`) VALUES (10, 'uni-push', 1);
INSERT INTO ff_apaas_t_notice_method(`method_id`, `method_name`, `is_show`) VALUES (11, '微信开放平台', 1);
